Item,Page,MAP,
CM3012PT-5PK,499,408 ,
CM3024BN,398,107 ,
CM3024SC-2PK,398,189 ,
CM3024T,398,293 ,
CM3024T-6PC,398,773 ,
CM3024T-7PC,398,855 ,
CM3150AC-2PK,328,498 ,
CM3150MO,328,279 ,
CM3150RT,329,732 ,
CM3150RT-5PC,329,"1,634 ",
CM3150RT-7PC,329,"2,087 ",
CM3150SC-2PK,328,451 ,
CM3150SV,328,"1,033 ",
CM3150T-7PC,328,"2,478 ",
CM3150T-9PC,328,"2,932 ",
CM3150T-TABLE,328,"1,076 ",
CM3162RT,382,301 ,
CM3162RT-5PC,382,603 ,
CM3162RT-7PC,382,750 ,
CM3162SC-2PK,382,150 ,
CM3170BK-PC-2PK,467,324 ,
CM3170BK-SC-2PK,434,301 ,
CM3170RPT,467,385 ,
CM3170RPT-5PC-BK,467,"1,033 ",
CM3170RPT-5PC-WH,467,"1,033 ",
CM3170RT,434,365 ,
CM3170RT-5PC-BK,434,970 ,
CM3170RT-5PC-WH,434,970 ,
CM3170WH-PC-2PK,467,324 ,
CM3170WH-SC-2PK,434,301 ,
CM3273RT,379,213 ,
CM3273RT-5PC,379,560 ,
CM3273SC-2PK,379,172 ,
CM3324A-PT-54,450,428 ,
CM3324BK-BBN,453,129 ,
CM3324BK-BC-2PK,453,215 ,
CM3324BK-BCW-2PK,453,377 ,
CM3324BK-BT,453,408 ,
CM3324BK-BT-3564-5PC,453,925 ,
CM3324BK-BT-3564GY-5,453,925 ,
CM3324BK-BT-4PC,453,750 ,
CM3324BK-BT-5PC,453,838 ,
CM3324BK-BT-5PC-BCW,453,"1,160 ",
CM3324BK-PT,452,385 ,
CM3324BK-PT-3564-4PC,453,927 ,
CM3324BK-PT-3564-5PC,453,859 ,
CM3324BK-SV,330,689 ,
CM3324BK-T-84-6PC,330,"1,658 ",
CM3324BK-T-84-7PC,330,"1,595 ",
CM3324BK-T-84-9PC,330,"1,939 ",
CM3326BC-BN,389,117 ,
CM3326BC-SC-2PK,389,162 ,
CM3326BC-SV,389,560 ,
CM3326BC-T,389,377 ,
CM3326BC-T-6PC-BN,389,818 ,
CM3326BC-T-7PC,389,861 ,
CM3326BC-T-9PC,389,"1,023 ",
CM3326WC-BN,389,117 ,
CM3326WC-SC-2PK,389,162 ,
CM3326WC-SV,389,560 ,
CM3326WC-T,389,377 ,
CM3326WC-T-6PC-BN,389,818 ,
CM3326WC-T-7PC,389,861 ,
CM3326WC-T-9PC,389,"1,023 ",
CM3363T-7PC,437,"1,033 ",
CM3363T-9PC,437,"1,205 ",
CM3363T-TABLE,437,515 ,
CM3365SC-2PK,353,215 ,
CM3366T-7PC,353,"1,076 ",
CM3366T-TABLE,353,433 ,
CM3367BC-2PK,475,279 ,
CM3367BT-3PC,475,537 ,
CM3367BT-TABLE,475,256 ,
CM3367PC-2PK,475,195 ,
CM3367PT-5PC,475,709 ,
CM3367PT-TABLE,475,322 ,
CM3372PC-2PK,462,172 ,
CM3372PT,462,168 ,
CM3372PT-5PC,462,517 ,
CM3373BC-2PK,475,281 ,
CM3373BT-3PC,475,795 ,
CM3373BT-TABLE,475,517 ,
CM3373RT-5PC,355,990 ,
CM3373RT-TABLE,355,469 ,
CM3373SC-2PK,354,258 ,
CM3374T-7PC,354,"1,400 ",
CM3374T-TABLE,354,621 ,
CM3375PC-2PK,462,172 ,
CM3375PT,462,340 ,
CM3375PT-7PC,462,861 ,
CM3375PT-9PC,462,"1,035 ",
CM3375SC-2PK,379,162 ,
CM3375T,379,312 ,
CM3375T-7PC,379,795 ,
CM3378RT-5PC,354,990 ,
CM3378RT-TABLE,354,469 ,
CM3378SC-2PK,354,258 ,
CM3382T-7PC-BK,440,"1,214 ",
CM3382T-7PC-GY,440,"1,228 ",
CM3382T-7PC-WH,440,"1,214 ",
CM3382T-TABLE,440,447 ,
CM3390PC-2PK,454,258 ,
CM3390PT-5PC,454,"1,294 ",
CM3390PT-TABLE,454,773 ,
CM3393RT-5PC,427,990 ,
CM3393RT-TABLE,427,428 ,
CM3393SC-2PK,427,281 ,
CM3395A-RT,337,664 ,
CM3395A-RT-5PC,337,"1,228 ",
CM3395GY-RT,337,664 ,
CM3395GY-RT-5PC,337,"1,228 ",
CM3396AC-2PK,367,281 ,
CM3396SC-2PK,367,258 ,
CM3396SV,367,689 ,
CM3396T,367,601 ,
CM3396T-7PC,367,"1,400 ",
CM3396T-9PC,367,"1,658 ",
CM3411BK-PC-2PK,467,109 ,
CM3411BK-PT,467,107 ,
CM3411BK-PT-5PC,467,322 ,
CM3411WH-PC-2PK,467,109 ,
CM3411WH-PT-5PC,467,322 ,
CM3418AC-2PK,323,281 ,
CM3418HB,323,"1,441 ",
CM3418SC-2PK,323,258 ,
CM3418T-7PC,323,"1,400 ",
CM3418T-TABLE,323,601 ,
CM3450GY-SC-2PK,400,195 ,
CM3450SC-2PK,400,195 ,
CM3450T,400,623 ,
CM3450T-7PC,400,"1,205 ",
CM3450T-7PC-GY,400,"1,205 ",
CM3451A-BN-PK,340,258 ,
CM3451A-CN,340,709 ,
CM3451A-SC-2PK,337,281 ,
CM3451A-SV,340,927 ,
CM3451A-T-6PC,340,"1,595 ",
CM3451A-T-7PC,340,"1,615 ",
CM3451A-T-TABLE,340,773 ,
CM3451GY-BN-PK,340,258 ,
CM3451GY-CN,340,709 ,
CM3451GY-SC-2PK,337,281 ,
CM3451GY-SV,340,927 ,
CM3451GY-T-6PC,340,"1,595 ",
CM3451GY-T-7PC,340,"1,615 ",
CM3451GY-T-TABLE,340,773 ,
CM3466BN,401,172 ,
CM3466SC-2PK,401,195 ,
CM3466T,401,322 ,
CM3466T-6PC,401,884 ,
CM3466T-7PC,401,904 ,
CM3502PT-5PK,499,428 ,
CM3506SC-2PK,355,172 ,
CM3506T,355,148 ,
CM3506T-3PC,355,322 ,
CM3529BN,353,172 ,
CM3529GY-BN,353,172 ,
CM3529GY-PC-2PK,470,172 ,
CM3529GY-PC-4PK,470,301 ,
CM3529GY-PT,470,254 ,
CM3529GY-PT-5PC,470,558 ,
CM3529GY-PT-7PC,470,732 ,
CM3529GY-SC-2PK,353,195 ,
CM3529GY-SC-4PK,353,387 ,
CM3529GY-T,353,322 ,
CM3529GY-T-5PC,353,709 ,
CM3529GY-T-6PC,353,884 ,
CM3529GY-T-7PC,353,904 ,
CM3529PC-2PK,470,215 ,
CM3529PC-4PK,470,387 ,
CM3529PT,470,299 ,
CM3529PT-5PC,470,689 ,
CM3529PT-7PC,470,904 ,
CM3529SC-2PK,353,195 ,
CM3529SC-4PK,353,387 ,
CM3529T,353,322 ,
CM3529T-5PC,353,709 ,
CM3529T-6PC,353,884 ,
CM3529T-7PC,353,904 ,
CM3545SC-2PK,377,172 ,
CM3545SV,377,623 ,
CM3545T,377,340 ,
CM3545T-7PC,377,861 ,
CM3552BC-PC-2PK,479,160 ,
CM3552BC-PT,479,320 ,
CM3552BC-PT-7PC,479,795 ,
CM3552BC-PT-9PC,479,955 ,
CM3552WC-PC-2PK,479,160 ,
CM3552WC-PT,479,320 ,
CM3552WC-PT-7PC,479,795 ,
CM3552WC-PT-9PC,479,955 ,
CM3556SC-2PK,426,195 ,
CM3556T-7PC,426,"1,162 ",
CM3556T-TABLE,426,580 ,
CM3562BN-S,339,301 ,
CM3562SC-2PK,339,258 ,
CM3562SV,339,910 ,
CM3562T,339,925 ,
CM3562T-3829F-7PC,339,"1,831 ",
CM3562T-3829F-9PC,339,"2,109 ",
CM3562T-3829RA-6PC,339,"2,044 ",
CM3562T-3829RA-7PC,339,"2,150 ",
CM3562T-3829RA-9PC,339,"2,560 ",
CM3562T-6PC,339,"1,745 ",
CM3562T-78,339,816 ,
CM3562T-78-3829F-7PC,339,"1,722 ",
CM3562T-78-3829RA-6P,339,"1,935 ",
CM3562T-78-3829RA-7P,339,"2,044 ",
CM3562T-78-6PC,339,"1,638 ",
CM3562T-78-7PC,339,"1,595 ",
CM3562T-7PC,339,"1,704 ",
CM3562T-9PC,339,"1,962 ",
CM3564A-PBN-S,450,301 ,
CM3564A-PC-2PK,450,238 ,
CM3564BC-2PK,453,256 ,
CM3564BN,331,281 ,
CM3564GY-BC-2PK,453,256 ,
CM3564GY-BN,331,281 ,
CM3564GY-PC-2PK,450,238 ,
CM3564GY-SC-2PK,330,238 ,
CM3564PBN-S,450,301 ,
CM3564PC-2PK,450,238 ,
CM3564SC-2PK,330,238 ,
CM3572BN,351,119 ,
CM3572SC-2PK,351,228 ,
CM3572T,351,502 ,
CM3572T-6PC,351,"1,076 ",
CM3572T-7PC,351,"1,185 ",
CM3573BN,350,238 ,
CM3573PC-2PK,470,238 ,
CM3573PT,470,539 ,
CM3573PT-7PC,470,"1,246 ",
CM3573SC-2PK,350,228 ,
CM3573SV,350,644 ,
CM3573T,350,494 ,
CM3573T-6PC,350,"1,185 ",
CM3573T-7PC,350,"1,177 ",
CM3600SC-2PK,371,248 ,
CM3600T,371,613 ,
CM3600T-7PC,371,"1,357 ",
CM3600T-9PC,371,"1,605 ",
CM3601BN-PK,350,215 ,
CM3601SC-2PK,350,238 ,
CM3601T-6PC,350,"1,337 ",
CM3601T-7PC,350,"1,355 ",
CM3601T-TABLE,350,648 ,
CM3604BN,351,195 ,
CM3604SC-2PK,351,172 ,
CM3604T,351,449 ,
CM3604T-6PC,351,990 ,
CM3604T-7PC,351,970 ,
CM3650SC-2PK,437,324 ,
CM3650T-5PC,437,"1,400 ",
CM3650T-7PC,437,"1,724 ",
CM3650T-TABLE,437,752 ,
CM3663AC-2PK,323,324 ,
CM3663CR,323,"1,033 ",
CM3663SC-2PK,323,301 ,
CM3663T-7PC,323,"1,681 ",
CM3663T-9PC,323,"1,982 ",
CM3663T-TABLE,323,752 ,
CM3710GY-RT-5PC,425,709 ,
CM3710GY-RT-TABLE,425,322 ,
CM3710GY-SC-2PK,425,195 ,
CM3710GY-T-7PC,425,945 ,
CM3710GY-T-TABLE,425,363 ,
CM3710OT-7PC,425,996 ,
CM3710OT-TABLE,425,414 ,
CM3710OT-WH-7PC,425,996 ,
CM3710SC-2PK,424,209 ,
CM3710T-7PC,425,988 ,
CM3710T-TABLE,425,363 ,
CM3710T-WH-7PC,425,945 ,
CM3710WH-SC-2PK,425,195 ,
CM3725SC-2PK,432,433 ,
CM3725T-7PC,432,"2,046 ",
CM3725T-TABLE,432,752 ,
CM3726SC-2PK,433,375 ,
CM3726T-7PC,433,"1,939 ",
CM3726T-TABLE,433,816 ,
CM3727SC-2PK,432,377 ,
CM3727T-5PC,432,"1,140 ",
CM3727T-TABLE,432,385 ,
CM3728SC-2PK,433,367 ,
CM3728T-7PC,433,"1,638 ",
CM3728T-TABLE,433,533 ,
CM3729SC-2PK,434,281 ,
CM3729T-5PC,434,"1,205 ",
CM3729T-TABLE,434,644 ,
CM3761SC-2PK,383,215 ,
CM3761T,383,474 ,
CM3761T-5PC,383,904 ,
CM3761T-7PC,383,"1,119 ",
CM3829BN,338,279 ,
CM3829BN-W,338,281 ,
CM3829F-SC-2PK,338,281 ,
CM3829F-SCW-2PK,338,344 ,
CM3829RA-SC-2PK,339,410 ,
CM3829SC-2PK,338,410 ,
CM3829SV,338,"1,033 ",
CM3829T-3829F-7PC,338,"1,851 ",
CM3829T-3829F-9PC,338,"2,134 ",
CM3829T-6PC-BN,338,"2,044 ",
CM3829T-77-3829F-7PC,338,"1,767 ",
CM3829T-77-6PC,338,"1,962 ",
CM3829T-77-7PC,338,"2,091 ",
CM3829T-77-TABLE,338,861 ,
CM3829T-7PC,338,"2,175 ",
CM3829T-9PC,338,"2,585 ",
CM3829T-TABLE,338,945 ,
CM3840A-RPT-5PC-3564,451,884 ,
CM3840A-RPT-TABLE,451,410 ,
CM3840BN,335,172 ,
CM3840GY-BN,335,172 ,
CM3840RPT-5PC-3564,451,884 ,
CM3840RPT-5PC-3564GY,451,884 ,
CM3840RPT-TABLE,451,410 ,
CM3840T-6PC-3564BN,335,"1,398 ",
CM3840T-6PC-3564GYBN,335,"1,398 ",
CM3840T-6PC-3840BN,335,"1,289 ",
CM3840T-6PC-3840GYBN,335,"1,289 ",
CM3840T-7PC,335,"1,353 ",
CM3840T-7PC-GY,335,"1,353 ",
CM3840T-TABLE,335,644 ,
CM3849SC-2PK,426,205 ,
CM3849SV,426,623 ,
CM3849T-3556SC-7PC,426,"1,140 ",
CM3849T-7PC,426,"1,177 ",
CM3849T-TABLE,426,558 ,
CM3872DG-RT-5PC,369,"1,205 ",
CM3872DG-RT-TABLE,369,519 ,
CM3872DG-SC-2PK,369,344 ,
CM3872RT-5PC,369,906 ,
CM3872RT-TABLE,369,519 ,
CM3872WH-RT-5PC,369,"1,205 ",
CM3872WH-RT-TABLE,369,519 ,
CM3872WH-SC-2PK,369,344 ,
CM3874A-SC-2PK,368,195 ,
CM3878AC-2PK,318,387 ,
CM3878HB-SET,318,"1,466 ",
CM3878SC-2PK,318,344 ,
CM3878T-7PC,318,"1,722 ",
CM3878T-9PC,318,"2,064 ",
CM3878T-TABLE,318,644 ,
CM3879RT-5PC,382,709 ,
CM3879RT-TABLE,382,363 ,
CM3879SC-2PK,382,172 ,
CM3882SC-2PK,382,172 ,
CM3882T,383,277 ,
CM3882T-7PC,383,795 ,
CM3910T,398,283 ,
CM3910T-6PC,398,752 ,
CM3911BN,377,238 ,
CM3911SC-2PK,377,195 ,
CM3911T,377,449 ,
CM3911T-6PC,377,"1,074 ",
CM3911T-7PC,377,"1,033 ",
CM3930PT-5PK,499,428 ,
CM3984DK-BN,398,137 ,
CM3984DK-SC-2PK,398,166 ,
CM3984SC-2PK,401,164 ,
CM3984T,401,283 ,
CM3984T-7PC,401,775 ,
CM3984W-T,401,240 ,
CM3984W-T-7PC,401,738 ,
CM3988GY-RT,394,213 ,
CM3988GY-RT-48,394,254 ,
CM3988GY-RT-48-5PC,394,603 ,
CM3988GY-RT-5PC,394,560 ,
CM3988GY-SC-2PK,394,172 ,
CM3988GY-T,394,236 ,
CM3988GY-T-7PC,394,752 ,
CM3988NT-SC-2PK,394,172 ,
CM3988NT-T,394,211 ,
CM3988NT-T-7PC,394,732 ,
CM4014C,887,344 ,
CM4014E,887,256 ,
CM4014S,887,365 ,
CM4056C,875,279 ,
CM4056E,875,213 ,
CM4057BK-C,875,322 ,
CM4057BK-E,875,256 ,
CM4057C,875,322 ,
CM4057E,875,256 ,
CM4100C-PK,887,408 ,
CM4100E-PK,887,256 ,
CM4100S-PK,887,385 ,
CM4109BK-C,887,236 ,
CM4109BK-E,887,127 ,
CM4109WH-C,887,236 ,
CM4109WH-E,887,127 ,
CM4152C,881,299 ,
CM4152E,881,213 ,
CM4152S,881,279 ,
CM4153C,883,279 ,
CM4153E,883,236 ,
CM4153S,883,385 ,
CM4154C,887,213 ,
CM4154E,887,127 ,
CM4154S,887,193 ,
CM4158C-PK,885,299 ,
CM4158E-PK,885,193 ,
CM4158S-PK,885,256 ,
CM4159-3PK,885,340 ,
CM4160C,588,299 ,
CM4160E,885,236 ,
CM4160S,885,299 ,
CM4162CRM-C-PK,884,256 ,
CM4162CRM-E-PK,884,170 ,
CM4166CRM-C,884,256 ,
CM4166CRM-E,884,193 ,
CM4166CRM-S,884,256 ,
CM4172C-PK,881,279 ,
CM4172E-PK,881,236 ,
CM4172S-PK,881,279 ,
CM4174C,865,365 ,
CM4174E,865,170 ,
CM4178-3PK,853,408 ,
CM4178S,853,213 ,
CM4184C,868,365 ,
CM4184E,868,256 ,
CM4184S,868,340 ,
CM4186C,865,256 ,
CM4186E,865,150 ,
CM4186S,865,213 ,
CM4229C-PK,884,193 ,
CM4229E-PK,884,139 ,
CM4229S-PK,956,236 ,
CM4231WH-C,883,236 ,
CM4231WH-E,883,170 ,
CM4231WH-S,883,236 ,
CM4233C-PK,573,213 ,
CM4233E-PK,884,193 ,
CM4233S-PK,884,236 ,
CM4252C,874,340 ,
CM4252E,874,236 ,
CM4252S,874,340 ,
CM4322-3PK,854,299 ,
CM4326C,868,279 ,
CM4326E,868,162 ,
CM4326S,868,236 ,
CM4326T,868,119 ,
CM4331C,854,256 ,
CM4331E,854,170 ,
CM4398C,856,256 ,
CM4398E,856,213 ,
CM4451WH-C,874,365 ,
CM4451WH-E,874,213 ,
CM4451WH-S,874,299 ,
CM4455C-TABLE,551,709 ,
CM4455E-TABLE,558,385 ,
CM4455F-C-TABLE,847,861 ,
CM4455S-TABLE,847,517 ,
CM4457C-PK,847,775 ,
CM4457E,847,428 ,
CM4457F-C-PK,847,818 ,
CM4457S,847,537 ,
CM4486C,636,340 ,
CM4486E,875,182 ,
CM4559C,771,279 ,
CM4559E,874,182 ,
CM4559S,874,236 ,
CM4573-3PK,854,603 ,
CM4573S,854,236 ,
CM4617C,853,256 ,
CM4617E,853,193 ,
CM4726C-TABLE,549,451 ,
CM4726E-TABLE,878,340 ,
CM4726S-TABLE,878,560 ,
CM4728C,878,322 ,
CM4728E,878,193 ,
CM4728S,878,385 ,
CM4729C,586,428 ,
CM4729E,878,365 ,
CM4729S,878,428 ,
CM4811WH-3PK,883,428 ,
CM4845C,856,279 ,
CM4845E,856,193 ,
CM4845S,856,256 ,
CM4861C,865,256 ,
CM4861E,865,150 ,
CM4861S,865,213 ,
CM4866C,853,193 ,
CM4866E,853,127 ,
CM4866S,853,170 ,
CM4919C-PK,881,279 ,
CM4919E-PK,881,182 ,
CM5006-TV-60,911,365 ,
CM5006-TV-72,911,408 ,
CM5044BK-TV-60,911,256 ,
CM5044BK-TV-72,911,279 ,
CM5044WH-TV-60,911,256 ,
CM5044WH-TV-72,911,279 ,
CM5360-TV,900,537 ,
CM5392-TV,893,818 ,
CM5393-TV,893,775 ,
CM5394-TV,893,732 ,
CM5510-PC,899,367 ,
CM5510-SET,899,603 ,
CM5510-TV,899,236 ,
CM5573-TV-60,900,560 ,
CM5573-TV-72,900,623 ,
CM5592EX-PC-L,891,517 ,
CM5592EX-PC-S,891,428 ,
CM5592EX-TV-60,891,451 ,
CM5592EX-TV-72,891,494 ,
CM5592GY-PC-L,891,517 ,
CM5592GY-PC-S,891,428 ,
CM5592GY-TV-60,891,451 ,
CM5592GY-TV-72,891,494 ,
CM5904-PC-PK,895,451 ,
CM5904-TV-62,895,474 ,
CM5904-TV-72,895,537 ,
CM5913-BR,899,150 ,
CM5913-PC,899,248 ,
CM5913-TV-3PC,899,861 ,
CM5913-TV-4PC,899,"1,013 ",
CM5913-TV-PK,899,365 ,
CM7008WH-PL,114,84 ,
CM7027CK-BED,104,623 ,
CM7027EK-BED,104,623 ,
CM7027Q-7088-4PC,104,"1,015 ",
CM7027Q-7088-5PC-2NS,104,"1,132 ",
CM7027Q-7088-5PC-CHE,104,"1,314 ",
CM7027Q-BED,104,474 ,
CM7031-BED,187,537 ,
CM7032-524-BED,187,537 ,
CM7040C,36,580 ,
CM7040CK-BED,36,732 ,
CM7040D,36,623 ,
CM7040EK-BED,36,732 ,
CM7040M,36,219 ,
CM7040N,36,213 ,
CM7040Q-4PC,36,"1,615 ",
CM7040Q-5PC-2NS,36,"1,831 ",
CM7040Q-5PC-CHEST,36,"2,198 ",
CM7040Q-BED,36,560 ,
CM7040TV,36,428 ,
CM7054F-BED,98,365 ,
CM7054N,98,170 ,
CM7054Q-BED,98,385 ,
CM7054T-BED,98,322 ,
CM7056BK-CK-BED,106,623 ,
CM7056BK-EK-BED,106,623 ,
CM7056BK-F-BED,106,537 ,
CM7056BK-Q-BED,106,560 ,
CM7056SV-CK-BED,106,623 ,
CM7056SV-EK-BED,106,623 ,
CM7056SV-F-BED,106,537 ,
CM7056SV-Q-BED,106,560 ,
CM7058C,32,385 ,
CM7058CK-BED,32,689 ,
CM7058D,32,484 ,
CM7058EK-BED,32,689 ,
CM7058M,32,113 ,
CM7058N,32,182 ,
CM7058Q-4PC,32,"1,314 ",
CM7058Q-5PC-2NS,32,"1,494 ",
CM7058Q-5PC-CHEST,32,"1,699 ",
CM7058Q-BED,32,537 ,
CM7058TV-42,32,451 ,
CM7060GY-CK-BED,132,474 ,
CM7060GY-EK-BED,132,474 ,
CM7060GY-Q-BED,132,385 ,
CM7068A-C,90,299 ,
CM7068A-CK-BED,90,474 ,
CM7068A-D,90,340 ,
CM7068A-EK-BED,90,474 ,
CM7068A-F-BED,90,365 ,
CM7068A-M,90,98 ,
CM7068A-N,90,119 ,
CM7068A-Q-4PC,90,945 ,
CM7068A-Q-5PC-2NS,90,"1,066 ",
CM7068A-Q-5PC-CHEST,90,"1,244 ",
CM7068A-Q-BED,90,385 ,
CM7068A-TV,90,340 ,
CM7068GY-C,90,299 ,
CM7068GY-CK-BED,90,474 ,
CM7068GY-D,90,340 ,
CM7068GY-EK-BED,90,474 ,
CM7068GY-F-BED,90,365 ,
CM7068GY-M,90,98 ,
CM7068GY-N,90,119 ,
CM7068GY-Q-4PC,90,945 ,
CM7068GY-Q-5PC-2NS,90,"1,066 ",
CM7068GY-Q-5PC-CHEST,90,"1,244 ",
CM7068GY-Q-BED,90,385 ,
CM7068GY-TV,90,340 ,
CM7068WH-C,114,299 ,
CM7068WH-D,114,340 ,
CM7068WH-M,114,98 ,
CM7068WH-N,114,119 ,
CM7088C,77,299 ,
CM7088D,77,332 ,
CM7088M,77,90 ,
CM7088N,77,117 ,
CM7088TV,78,340 ,
CM7127CK-BED,121,904 ,
CM7127EK-BED,121,904 ,
CM7127Q-4PC,121,"2,200 ",
CM7127Q-5PC-2NS,121,"2,540 ",
CM7127Q-5PC-CHEST,121,"2,841 ",
CM7127Q-BED,121,818 ,
CM7128BK-CK-BED,120,904 ,
CM7128BK-EK-BED,120,904 ,
CM7128BK-Q-4PC,120,"2,025 ",
CM7128BK-Q-5PC-2NS,120,"2,304 ",
CM7128BK-Q-5PC-CHEST,120,"2,585 ",
CM7128GY-CK-BED,120,904 ,
CM7128GY-EK-BED,120,904 ,
CM7128GY-Q-4PC,120,"2,025 ",
CM7128GY-Q-5PC-2NS,120,"2,304 ",
CM7128GY-Q-5PC-CHEST,120,"2,585 ",
CM7128GY-Q-BED,120,818 ,
CM7129C,59,474 ,
CM7129CK-BED,59,904 ,
CM7129D,59,560 ,
CM7129EK-BED,59,904 ,
CM7129M,59,262 ,
CM7129N,59,236 ,
CM7129Q-4PC,59,"1,724 ",
CM7129Q-5PC-2NS,59,"1,958 ",
CM7129Q-5PC-CHEST,59,"2,198 ",
CM7129Q-BED,59,666 ,
CM7129TV,59,494 ,
CM7132BL-F-BED,160,666 ,
CM7132BL-T-BED,160,603 ,
CM7132GY-F-BED,160,666 ,
CM7132GY-T-BED,160,603 ,
CM7133-BED,158,"1,140 ",
CM7135-BED,159,732 ,
CM7137-BED,159,689 ,
CM7137C,159,279 ,
CM7152C,35,474 ,
CM7152CK-BED,35,537 ,
CM7152D,35,517 ,
CM7152EK-BED,35,537 ,
CM7152F-BED,35,385 ,
CM7152M,35,146 ,
CM7152N,35,182 ,
CM7152Q-4PC,35,"1,248 ",
CM7152Q-5PC-2NS,35,"1,433 ",
CM7152Q-5PC-CHEST,35,"1,724 ",
CM7152Q-BED,35,408 ,
CM7152TV,35,451 ,
CM7154CK-BED,136,408 ,
CM7154EK-BED,136,408 ,
CM7154F-BED,136,334 ,
CM7154Q-4PC,136,884 ,
CM7154Q-5PC-2NS,136,998 ,
CM7154Q-5PC-CHEST,136,"1,183 ",
CM7154Q-BED,136,340 ,
CM7158BL-AR,169,365 ,
CM7158BL-C,169,322 ,
CM7158BL-CN,169,365 ,
CM7158BL-D,169,408 ,
CM7158BL-F-4PC,169,"1,183 ",
CM7158BL-F-4PC-TR,169,"1,421 ",
CM7158BL-F-BED,169,340 ,
CM7158BL-M,169,113 ,
CM7158BL-N,169,127 ,
CM7158BL-T-4PC,169,927 ,
CM7158BL-T-4PC-TR,169,"1,160 ",
CM7158BL-T-BED,169,279 ,
CM7158BL-TR,169,238 ,
CM7158GY-AR,169,365 ,
CM7158GY-C,169,322 ,
CM7158GY-CN,169,365 ,
CM7158GY-D,169,408 ,
CM7158GY-F-4PC,169,"1,183 ",
CM7158GY-F-4PC-TR,169,"1,421 ",
CM7158GY-F-BED,169,340 ,
CM7158GY-M,169,113 ,
CM7158GY-N,169,127 ,
CM7158GY-T-4PC,169,927 ,
CM7158GY-T-4PC-TR,169,"1,160 ",
CM7158GY-T-BED,169,279 ,
CM7158GY-TR,169,238 ,
CM7170BK-C,84,494 ,
CM7170BK-CS,84,474 ,
CM7170BK-D,84,623 ,
CM7170BK-N,84,248 ,
CM7170SV-C,84,560 ,
CM7170SV-CS,84,474 ,
CM7170SV-D,84,623 ,
CM7170SV-N,84,248 ,
CM7170WH-C,84,494 ,
CM7170WH-CS,84,474 ,
CM7170WH-D,84,623 ,
CM7170WH-N,84,248 ,
CM7171BK-CK-BED,84,689 ,
CM7171BK-EK-BED,84,689 ,
CM7171BK-M,84,164 ,
CM7171BK-Q-4PC,84,"1,595 ",
CM7171BK-Q-5PC-2NS,84,"1,843 ",
CM7171BK-Q-5PC-CHEST,84,"2,089 ",
CM7171BK-Q-BED,84,560 ,
CM7171SV-CK-BED,84,689 ,
CM7171SV-EK-BED,84,689 ,
CM7171SV-M,84,164 ,
CM7171SV-Q-4PC,84,"1,595 ",
CM7171SV-Q-5PC-2NS,84,"1,843 ",
CM7171SV-Q-5PC-CHEST,84,"2,153 ",
CM7171SV-Q-BED,84,560 ,
CM7171WH-CK-BED,84,689 ,
CM7171WH-EK-BED,84,689 ,
CM7171WH-M,84,164 ,
CM7171WH-Q-4PC,84,"1,595 ",
CM7171WH-Q-5PC-2NS,84,"1,843 ",
CM7171WH-Q-5PC-CHEST,84,"2,089 ",
CM7171WH-Q-BED,84,560 ,
CM7172CK-BED,132,340 ,
CM7172EK-BED,132,340 ,
CM7172F-BED,132,291 ,
CM7172Q-BED,132,299 ,
CM7172T-BED,132,279 ,
CM7185CK-BED,38,"1,423 ",
CM7185EK-BED,38,"1,423 ",
CM7185Q-4PC,38,"2,630 ",
CM7185Q-5PC-2NS,38,"2,929 ",
CM7185Q-5PC-CHEST,38,"3,360 ",
CM7185Q-BED,38,"1,289 ",
CM7195C,38,732 ,
CM7195D,38,775 ,
CM7195M,38,264 ,
CM7195N,38,299 ,
CM7195V-SET,38,"1,228 ",
CM7201C,83,494 ,
CM7201D,83,578 ,
CM7201EK-BED,83,603 ,
CM7201F-BED,83,443 ,
CM7201M,83,113 ,
CM7201N,83,193 ,
CM7201Q-4PC,83,"1,337 ",
CM7201Q-5PC-2NS,83,"1,517 ",
CM7201Q-5PC-CHEST,83,"1,818 ",
CM7201Q-BED,83,451 ,
CM7209DK,267,256 ,
CM7267C,50,795 ,
CM7267D,50,884 ,
CM7267M,50,283 ,
CM7267N,50,408 ,
CM7285BK-BED,198,256 ,
CM7292C,82,299 ,
CM7292D,82,385 ,
CM7292M,82,90 ,
CM7292N,82,127 ,
CM7295C,88,560 ,
CM7295CK-BED,88,795 ,
CM7295D,88,638 ,
CM7295EK-BED,88,795 ,
CM7295M,88,150 ,
CM7295N,88,228 ,
CM7295Q-4PC,88,"1,615 ",
CM7295Q-5PC-2NS,88,"1,843 ",
CM7295Q-5PC-CHEST,88,"2,175 ",
CM7295Q-BED,88,603 ,
CM7295SV-C,126,537 ,
CM7295SV-D,126,623 ,
CM7295SV-M,126,158 ,
CM7295SV-N,126,236 ,
CM7295WH-C,88,560 ,
CM7295WH-CK-BED,88,838 ,
CM7295WH-D,88,658 ,
CM7295WH-EK-BED,88,838 ,
CM7295WH-M,88,150 ,
CM7295WH-N,88,248 ,
CM7295WH-Q-4PC,88,"1,724 ",
CM7295WH-Q-5PC-2NS,88,"1,972 ",
CM7295WH-Q-5PC-CHEST,88,"2,284 ",
CM7295WH-Q-BED,88,666 ,
CM7296DA-C-CK-BED,52,"1,896 ",
CM7296DA-C-EK-BED,52,"1,896 ",
CM7296DA-CK-BED,52,"1,400 ",
CM7296DA-C-Q-4PC,52,"3,235 ",
CM7296DA-C-Q-5PC-2NS,52,"3,641 ",
CM7296DA-C-Q-5PC-CHE,52,"4,030 ",
CM7296DA-C-Q-BED,52,"1,658 ",
CM7296DA-EK-BED,52,"1,400 ",
CM7296DA-Q-4PC,52,"2,739 ",
CM7296DA-Q-5PC-2NS,52,"3,145 ",
CM7296DA-Q-5PC-CHEST,52,"3,534 ",
CM7296DA-Q-BED,52,"1,162 ",
CM7296LA-C-CK-BED,52,"1,896 ",
CM7296LA-C-EK-BED,52,"1,896 ",
CM7296LA-CK-BED,52,"1,400 ",
CM7296LA-C-Q-4PC,52,"3,235 ",
CM7296LA-C-Q-5PC-2NS,52,"3,641 ",
CM7296LA-C-Q-5PC-CHE,52,"4,030 ",
CM7296LA-C-Q-BED,52,"1,658 ",
CM7296LA-EK-BED,52,"1,400 ",
CM7296LA-Q-4PC,52,"2,757 ",
CM7296LA-Q-5PC-2NS,52,"3,165 ",
CM7296LA-Q-5PC-CHEST,52,"3,555 ",
CM7296LA-Q-BED,52,"1,185 ",
CM7298CK-BED,82,689 ,
CM7298EK-BED,82,689 ,
CM7298F-BED,82,592 ,
CM7298Q-4PC,82,"1,205 ",
CM7298Q-5PC-2NS,82,"1,330 ",
CM7298Q-5PC-CHEST,82,"1,507 ",
CM7298Q-BED,82,603 ,
CM7301CK-BED,104,644 ,
CM7301EK-BED,104,644 ,
CM7301Q-BED,104,558 ,
CM7303CK-BED,136,644 ,
CM7303EK-BED,136,644 ,
CM7303Q-BED,136,580 ,
CM7311C,44,752 ,
CM7311CK-BED,44,"1,400 ",
CM7311D,44,"1,162 ",
CM7311EK-BED,44,"1,400 ",
CM7311M,44,262 ,
CM7311N,44,474 ,
CM7311Q-4PC,44,"2,997 ",
CM7311Q-5PC-2NS,44,"3,471 ",
CM7311Q-5PC-CHEST,44,"3,749 ",
CM7311Q-BED,44,"1,099 ",
CM7350C,56,644 ,
CM7350D,56,818 ,
CM7350M,56,221 ,
CM7350N,56,340 ,
CM7350TV,56,644 ,
CM7355C,6,408 ,
CM7355CK-BED,6,537 ,
CM7355D,6,443 ,
CM7355EK-BED,6,537 ,
CM7355M,6,119 ,
CM7355N,6,170 ,
CM7355Q-4PC,6,"1,185 ",
CM7355Q-5PC-2NS,6,"1,355 ",
CM7355Q-5PC-CHEST,6,"1,593 ",
CM7355Q-BED,6,451 ,
CM7356CK-BED,7,560 ,
CM7356EK-BED,7,560 ,
CM7356Q-4PC,7,"1,205 ",
CM7356Q-5PC-2NS,7,"1,378 ",
CM7356Q-5PC-CHEST,7,"1,613 ",
CM7356Q-BED,7,474 ,
CM7360C,8,474 ,
CM7360CK-BED,8,838 ,
CM7360D,8,560 ,
CM7360EK-BED,8,838 ,
CM7360M,8,133 ,
CM7360N,8,213 ,
CM7360Q-4PC,8,"1,638 ",
CM7360Q-5PC-2NS,8,"1,849 ",
CM7360Q-5PC-CHEST,8,"2,109 ",
CM7360Q-BED,8,732 ,
CM7361CK-BED,9,904 ,
CM7361EK-BED,9,904 ,
CM7361Q-4PC,9,"1,704 ",
CM7361Q-5PC-2NS,9,"1,917 ",
CM7361Q-5PC-CHEST,9,"2,175 ",
CM7361Q-BED,9,795 ,
CM7383C,31,474 ,
CM7383D,31,580 ,
CM7383M,31,133 ,
CM7383N,31,213 ,
CM7383TV,31,474 ,
CM7392C,10,775 ,
CM7392CK-BED,10,945 ,
CM7392D,10,884 ,
CM7392EK-BED,10,945 ,
CM7392M,10,242 ,
CM7392N,10,322 ,
CM7392Q-4PC,10,"2,284 ",
CM7392Q-5PC-2NS,10,"2,604 ",
CM7392Q-5PC-CHEST,10,"3,059 ",
CM7392Q-BED,10,838 ,
CM7393C,11,732 ,
CM7393CK-BED,11,945 ,
CM7393D,11,904 ,
CM7393EK-BED,11,945 ,
CM7393M,11,219 ,
CM7393N,11,385 ,
CM7393Q-4PC,11,"2,347 ",
CM7393Q-5PC-2NS,11,"2,737 ",
CM7393Q-5PC-CHEST,11,"3,079 ",
CM7393Q-BED,11,838 ,
CM7394C,12,732 ,
CM7394CK-BED,12,"1,013 ",
CM7394D,12,838 ,
CM7394EK-BED,12,"1,013 ",
CM7394M,12,221 ,
CM7394N,12,340 ,
CM7394Q-4PC,12,"2,263 ",
CM7394Q-5PC-2NS,12,"2,608 ",
CM7394Q-5PC-CHEST,12,"2,995 ",
CM7394Q-BED,12,861 ,
CM7395CK-BED,13,"1,056 ",
CM7395EK-BED,13,"1,056 ",
CM7395Q-4PC,13,"2,306 ",
CM7395Q-5PC-2NS,13,"2,649 ",
CM7395Q-5PC-CHEST,13,"3,038 ",
CM7395Q-BED,13,904 ,
CM7449C,35,494 ,
CM7449CK-BED,35,795 ,
CM7449D,35,603 ,
CM7449EK-BED,35,795 ,
CM7449M,35,219 ,
CM7449N,35,299 ,
CM7449Q-4PC,35,"1,724 ",
CM7449Q-5PC-2NS,35,"2,023 ",
CM7449Q-5PC-CHEST,35,"2,218 ",
CM7449Q-BED,35,603 ,
CM7449TV,35,428 ,
CM7480BG-CK-BED,122,795 ,
CM7480BG-EK-BED,122,795 ,
CM7480BG-F-BED,122,709 ,
CM7480BG-Q-4PC,122,"1,656 ",
CM7480BG-Q-5PC-2NS,122,"1,872 ",
CM7480BG-Q-5PC-CHEST,122,"2,132 ",
CM7480BG-Q-BED,122,732 ,
CM7480BG-T-BED,122,644 ,
CM7480GY-CK-BED,122,795 ,
CM7480GY-EK-BED,122,795 ,
CM7480GY-F-BED,122,709 ,
CM7480GY-Q-4PC,122,"1,656 ",
CM7480GY-Q-5PC-2NS,122,"1,872 ",
CM7480GY-Q-5PC-CHEST,122,"2,132 ",
CM7480GY-Q-BED,122,732 ,
CM7480GY-T-BED,122,644 ,
CM7500GY-CK-BED,75,838 ,
CM7500GY-EK-BED,75,838 ,
CM7500GY-Q-4PC,75,"1,380 ",
CM7500GY-Q-5PC-2NS,75,"1,529 ",
CM7500GY-Q-5PC-CHEST,75,"1,722 ",
CM7500GY-Q-BED,75,709 ,
CM7510C,23,560 ,
CM7510CK-BED,23,517 ,
CM7510D,23,603 ,
CM7510DR-CK-BED,23,709 ,
CM7510DR-EK-BED,23,709 ,
CM7510DR-Q-4PC,23,"1,552 ",
CM7510DR-Q-5PC-2NS,23,"1,759 ",
CM7510DR-Q-5PC-CHEST,23,"2,112 ",
CM7510DR-Q-BED,23,623 ,
CM7510EK-BED,23,517 ,
CM7510M,23,121 ,
CM7510N,23,205 ,
CM7510Q-4PC,23,"1,357 ",
CM7510Q-5PC-2NS,23,"1,564 ",
CM7510Q-5PC-CHEST,23,"1,919 ",
CM7510Q-BED,23,428 ,
CM7511CK-BED,23,517 ,
CM7511DR-CK-BED,23,709 ,
CM7511DR-EK-BED,23,709 ,
CM7511DR-Q-4PC,23,"1,552 ",
CM7511DR-Q-5PC-2NS,23,"1,759 ",
CM7511DR-Q-5PC-CHEST,23,"2,112 ",
CM7511DR-Q-BED,23,623 ,
CM7511EK-BED,23,517 ,
CM7511Q-4PC,23,"1,357 ",
CM7511Q-5PC-2NS,23,"1,564 ",
CM7511Q-5PC-CHEST,23,"1,919 ",
CM7511Q-BED,23,428 ,
CM7550C,83,474 ,
CM7550CK-BED,83,775 ,
CM7550D,83,537 ,
CM7550EK-BED,83,775 ,
CM7550M,83,92 ,
CM7550N,83,107 ,
CM7550Q-4PC,83,"1,380 ",
CM7550Q-5PC-2NS,83,"1,484 ",
CM7550Q-5PC-CHEST,83,"1,851 ",
CM7550Q-BED,83,644 ,
CM7551CK-BED,121,537 ,
CM7551EK-BED,121,537 ,
CM7551F-BED,121,428 ,
CM7551Q-BED,121,451 ,
CM7552C,82,336 ,
CM7552D,82,443 ,
CM7552EK-BED,82,517 ,
CM7552M,82,98 ,
CM7552N,82,150 ,
CM7552Q-4PC,82,"1,076 ",
CM7552Q-5PC-2NS,82,"1,228 ",
CM7552Q-5PC-CHEST,82,"1,412 ",
CM7552Q-BED,82,385 ,
CM7556AR-SET,18,818 ,
CM7556C,18,560 ,
CM7556CK-BED,18,603 ,
CM7556D,18,537 ,
CM7556EK-BED,18,603 ,
CM7556M,18,133 ,
CM7556N,18,170 ,
CM7556Q-4PC,18,"1,337 ",
CM7556Q-5PC-2NS,18,"1,507 ",
CM7556Q-5PC-CHEST,18,"1,894 ",
CM7556Q-BED,18,494 ,
CM7576C,17,580 ,
CM7576D,17,732 ,
CM7576M,17,199 ,
CM7576N,17,256 ,
CM7577CK-BED,17,945 ,
CM7577DR-CK-BED,17,"1,248 ",
CM7577DR-EK-BED,17,"1,248 ",
CM7577DR-Q-4PC,17,"2,351 ",
CM7577DR-Q-5PC-2NS,17,"2,610 ",
CM7577DR-Q-5PC-CHEST,17,"2,932 ",
CM7577DR-Q-BED,17,"1,162 ",
CM7577EK-BED,17,945 ,
CM7577Q-4PC,17,"2,050 ",
CM7577Q-5PC-2NS,17,"2,306 ",
CM7577Q-5PC-CHEST,17,"2,630 ",
CM7577Q-BED,17,861 ,
CM7580A-C,20,340 ,
CM7580A-CK-BED,20,517 ,
CM7580A-D,20,408 ,
CM7580A-EK-BED,20,517 ,
CM7580A-M,20,113 ,
CM7580A-N,20,150 ,
CM7580A-Q-4PC,20,"1,076 ",
CM7580A-Q-5PC-2NS,20,"1,228 ",
CM7580A-Q-5PC-CHEST,20,"1,421 ",
CM7580A-Q-BED,20,408 ,
CM7580EX-C,21,340 ,
CM7580EX-CK-BED,21,517 ,
CM7580EX-D,21,408 ,
CM7580EX-EK-BED,21,517 ,
CM7580EX-M,21,113 ,
CM7580EX-N,21,150 ,
CM7580EX-Q-4PC,21,"1,076 ",
CM7580EX-Q-5PC-2NS,21,"1,228 ",
CM7580EX-Q-5PC-CHEST,21,"1,421 ",
CM7580EX-Q-BED,21,408 ,
CM7580GY-C,21,340 ,
CM7580GY-CK-BED,21,517 ,
CM7580GY-D,21,408 ,
CM7580GY-EK-BED,21,517 ,
CM7580GY-M,21,113 ,
CM7580GY-N,21,150 ,
CM7580GY-Q-4PC,21,"1,076 ",
CM7580GY-Q-5PC-2NS,21,"1,228 ",
CM7580GY-Q-5PC-CHEST,21,"1,421 ",
CM7580GY-Q-BED,21,408 ,
CM7582C,14,494 ,
CM7582CK-BED,14,644 ,
CM7582D,14,689 ,
CM7582EK-BED,14,644 ,
CM7582F-CK-BED,14,709 ,
CM7582F-EK-BED,14,709 ,
CM7582F-Q-4PC,14,"1,788 ",
CM7582F-Q-5PC-2NS,14,"2,036 ",
CM7582F-Q-5PC-CHEST,14,"2,282 ",
CM7582F-Q-BED,14,644 ,
CM7582M,14,205 ,
CM7582N,14,248 ,
CM7582Q-4PC,14,"1,724 ",
CM7582Q-5PC-2NS,14,"1,972 ",
CM7582Q-5PC-CHEST,14,"2,218 ",
CM7582Q-BED,14,580 ,
CM7592EX-C,37,408 ,
CM7592EX-CK-BED,37,580 ,
CM7592EX-D,37,474 ,
CM7592EX-EK-BED,37,580 ,
CM7592EX-M,37,139 ,
CM7592EX-N,37,205 ,
CM7592EX-Q-4PC,37,"1,294 ",
CM7592EX-Q-5PC-2NS,37,"1,501 ",
CM7592EX-Q-5PC-CHEST,37,"1,699 ",
CM7592EX-Q-BED,37,474 ,
CM7592GY-C,37,408 ,
CM7592GY-CK-BED,37,580 ,
CM7592GY-D,37,474 ,
CM7592GY-EK-BED,37,580 ,
CM7592GY-M,37,139 ,
CM7592GY-N,37,205 ,
CM7592GY-Q-4PC,37,"1,294 ",
CM7592GY-Q-5PC-2NS,37,"1,501 ",
CM7592GY-Q-5PC-CHEST,37,"1,699 ",
CM7592GY-Q-BED,37,474 ,
CM7611C,68,693 ,
CM7611CK-BED,68,732 ,
CM7611D,68,775 ,
CM7611EK-BED,68,732 ,
CM7611M,68,262 ,
CM7611N,68,299 ,
CM7611Q-4PC,68,"1,980 ",
CM7611Q-5PC-2NS,68,"2,282 ",
CM7611Q-5PC-CHEST,68,"2,673 ",
CM7611Q-BED,68,644 ,
CM7611TV,68,603 ,
CM7612CK-BED,68,970 ,
CM7612EK-BED,68,970 ,
CM7612Q-4PC,68,"2,153 ",
CM7612Q-5PC-2NS,68,"2,454 ",
CM7612Q-5PC-CHEST,68,"2,847 ",
CM7612Q-BED,68,818 ,
CM7613CK-BED,68,"1,162 ",
CM7613EK-BED,68,"1,162 ",
CM7613Q-4PC,68,"2,347 ",
CM7613Q-5PC-2NS,68,"2,649 ",
CM7613Q-5PC-CHEST,68,"3,042 ",
CM7613Q-BED,68,"1,013 ",
CM7614CK-BED,68,"1,400 ",
CM7614EK-BED,68,"1,400 ",
CM7614Q-4PC,68,"2,522 ",
CM7614Q-5PC-2NS,68,"2,823 ",
CM7614Q-5PC-CHEST,68,"3,214 ",
CM7614Q-BED,68,"1,185 ",
CM7616C,36,603 ,
CM7616CK-BED,36,884 ,
CM7616D,36,644 ,
CM7616EK-BED,36,884 ,
CM7616M,36,156 ,
CM7616N,36,256 ,
CM7616Q-4PC,36,"1,724 ",
CM7616Q-5PC-2NS,36,"1,980 ",
CM7616Q-5PC-CHEST,36,"2,327 ",
CM7616Q-BED,36,666 ,
CM7616TV,36,451 ,
CM7623BC-CK-BED,16,"1,033 ",
CM7623BC-EK-BED,16,"1,033 ",
CM7623BC-Q-4PC,16,"2,066 ",
CM7623BC-Q-5PC-2NS,16,"2,282 ",
CM7623BC-Q-5PC-CHEST,16,"2,604 ",
CM7623BC-Q-BED,16,927 ,
CM7623C,16,537 ,
CM7623CK-BED,16,775 ,
CM7623D,16,681 ,
CM7623EK-BED,16,775 ,
CM7623M,16,250 ,
CM7623N,16,213 ,
CM7623Q-4PC,16,"1,833 ",
CM7623Q-5PC-2NS,16,"2,044 ",
CM7623Q-5PC-CHEST,16,"2,368 ",
CM7623Q-BED,16,689 ,
CM7624CK-BED,16,689 ,
CM7624EK-BED,16,689 ,
CM7624Q-4PC,16,"1,724 ",
CM7624Q-5PC-2NS,16,"1,935 ",
CM7624Q-5PC-CHEST,16,"2,259 ",
CM7624Q-BED,16,580 ,
CM7628C,17,560 ,
CM7628CK-BED,17,904 ,
CM7628D,17,658 ,
CM7628EK-BED,17,904 ,
CM7628M,17,209 ,
CM7628N,17,213 ,
CM7628Q-4PC,17,"1,896 ",
CM7628Q-5PC-2NS,17,"2,109 ",
CM7628Q-5PC-CHEST,17,"2,456 ",
CM7628Q-BED,17,818 ,
CM7629CK-BED,17,"1,013 ",
CM7629EK-BED,17,"1,013 ",
CM7629Q-4PC,17,"2,005 ",
CM7629Q-5PC-2NS,17,"2,218 ",
CM7629Q-5PC-CHEST,17,"2,563 ",
CM7629Q-BED,17,927 ,
CM7651BK-C,163,340 ,
CM7651BK-D,163,385 ,
CM7651BK-F-4PC,163,990 ,
CM7651BK-F-BED,163,385 ,
CM7651BK-M,163,90 ,
CM7651BK-N,163,127 ,
CM7651BK-T-4PC,163,927 ,
CM7651BK-T-BED,163,322 ,
CM7651WH-C,163,340 ,
CM7651WH-D,163,385 ,
CM7651WH-F-4PC,163,990 ,
CM7651WH-F-BED,163,385 ,
CM7651WH-M,163,90 ,
CM7651WH-N,163,127 ,
CM7651WH-T-4PC,163,927 ,
CM7651WH-T-BED,163,322 ,
CM7675CK-BED,129,560 ,
CM7675EK-BED,129,560 ,
CM7675F-BED,129,428 ,
CM7675Q-BED,129,474 ,
CM7677BL-CK-BED,124,340 ,
CM7677BL-EK-BED,124,340 ,
CM7677BL-F-BED,124,271 ,
CM7677BL-Q-BED,124,279 ,
CM7677GY-CK-BED,124,340 ,
CM7677GY-EK-BED,124,340 ,
CM7677GY-F-BED,124,271 ,
CM7677GY-Q-BED,124,279 ,
CM7677NV-CK-BED,124,340 ,
CM7677NV-EK-BED,124,340 ,
CM7677NV-F-BED,124,271 ,
CM7677NV-Q-4PC,124,838 ,
CM7677NV-Q-5PC-2NS,124,957 ,
CM7677NV-Q-5PC-CHEST,124,"1,138 ",
CM7677NV-Q-BED,124,279 ,
CM7678BG-F-BED,135,205 ,
CM7678BG-Q-4PC,135,752 ,
CM7678BG-Q-5PC-2NS,135,871 ,
CM7678BG-Q-5PC-CHEST,135,"1,054 ",
CM7678BG-Q-BED,135,213 ,
CM7678BG-T-BED,135,170 ,
CM7678BL-F-BED,135,205 ,
CM7678BL-Q-4PC,135,752 ,
CM7678BL-Q-5PC-2NS,135,871 ,
CM7678BL-Q-5PC-CHEST,135,"1,054 ",
CM7678BL-Q-BED,135,213 ,
CM7678BL-T-BED,135,170 ,
CM7678GY-F-BED,135,205 ,
CM7678GY-Q-4PC,135,752 ,
CM7678GY-Q-5PC-2NS,135,871 ,
CM7678GY-Q-5PC-CHEST,135,"1,054 ",
CM7678GY-Q-BED,135,213 ,
CM7678GY-T-BED,135,170 ,
CM7679BK-CK,126,818 ,
CM7679BK-EK,126,818 ,
CM7679BK-Q,126,732 ,
CM7679GY-CK,126,818 ,
CM7679GY-EK,126,818 ,
CM7679GY-Q,126,732 ,
CM7679GY-Q-4PC,126,"1,745 ",
CM7679GY-Q-5PC-2NS,126,"1,978 ",
CM7679GY-Q-5PC-CHEST,126,"2,282 ",
CM7679IV-CK,126,818 ,
CM7679IV-EK,126,818 ,
CM7679IV-Q,126,732 ,
CM7682C,32,603 ,
CM7682CK-BED,32,884 ,
CM7682D,32,709 ,
CM7682EK-BED,32,884 ,
CM7682M,32,156 ,
CM7682N,32,299 ,
CM7682Q-4PC,32,"1,894 ",
CM7682Q-5PC-2NS,32,"2,194 ",
CM7682Q-5PC-CHEST,32,"2,497 ",
CM7682Q-BED,32,732 ,
CM7682TV,32,537 ,
CM7683CK-BED,32,"1,033 ",
CM7683EK-BED,32,"1,033 ",
CM7683Q-4PC,32,"2,025 ",
CM7683Q-5PC-2NS,32,"2,327 ",
CM7683Q-5PC-CHEST,32,"2,628 ",
CM7683Q-BED,32,861 ,
CM7685CK-BED,129,517 ,
CM7685EK-BED,129,517 ,
CM7685F-BED,129,428 ,
CM7685Q-4PC,129,"1,248 ",
CM7685Q-5PC-2NS,129,"1,433 ",
CM7685Q-5PC-CHEST,129,"1,638 ",
CM7685Q-BED,129,474 ,
CM7695BL-CK-BED,137,340 ,
CM7695BL-EK-BED,137,340 ,
CM7695BL-F-BED,137,279 ,
CM7695BL-Q-BED,137,299 ,
CM7695GY-CK-BED,137,340 ,
CM7695GY-EK-BED,137,340 ,
CM7695GY-F-BED,137,279 ,
CM7695GY-Q-4PC,137,"1,183 ",
CM7695GY-Q-5PC-2NS,137,"1,376 ",
CM7695GY-Q-5PC-CHEST,137,"1,677 ",
CM7695GY-Q-BED,137,299 ,
CM7695GY-T-BED,137,256 ,
CM7716BN-PK,145,193 ,
CM7716DK-PK,145,299 ,
CM7716M,145,84 ,
CM7719C,18,644 ,
CM7719CK-BED,18,732 ,
CM7719D,18,658 ,
CM7719EK-BED,18,732 ,
CM7719M,18,141 ,
CM7719N,18,299 ,
CM7719Q-4PC,18,"1,724 ",
CM7719Q-5PC-2NS,18,"2,023 ",
CM7719Q-5PC-CHEST,18,"2,368 ",
CM7719Q-BED,18,623 ,
CM7734C,29,494 ,
CM7734CK-BED,29,644 ,
CM7734D,29,775 ,
CM7734EK-BED,29,644 ,
CM7734M,29,121 ,
CM7734N,29,271 ,
CM7734Q-4PC,29,"1,658 ",
CM7734Q-5PC-2NS,29,"1,929 ",
CM7734Q-5PC-CHEST,29,"2,153 ",
CM7734Q-BED,29,494 ,
CM7738C,57,623 ,
CM7738CK-BED,57,"1,140 ",
CM7738D,57,787 ,
CM7738EK-BED,57,"1,140 ",
CM7738M,57,230 ,
CM7738N,57,365 ,
CM7738Q-4PC,57,"2,306 ",
CM7738Q-5PC-2NS,57,"2,671 ",
CM7738Q-5PC-CHEST,57,"2,929 ",
CM7738Q-BED,57,927 ,
CM7738TV-DR,57,644 ,
CM7741BK-F-BED,98,451 ,
CM7741BK-Q-BED,98,517 ,
CM7741BK-T-BED,98,340 ,
CM7741WH-F-BED,98,451 ,
CM7741WH-Q-BED,98,517 ,
CM7741WH-T-BED,98,340 ,
CM7751C,46,537 ,
CM7751CK-BED,46,970 ,
CM7751D,46,623 ,
CM7751EK-BED,46,970 ,
CM7751M,46,262 ,
CM7751N,46,299 ,
CM7751Q-4PC,46,"1,939 ",
CM7751Q-5PC-2NS,46,"2,239 ",
CM7751Q-5PC-CHEST,46,"2,474 ",
CM7751Q-BED,46,752 ,
CM7751TV,46,428 ,
CM7752CK-BED,47,"1,076 ",
CM7752EK-BED,47,"1,076 ",
CM7752Q-4PC,47,"2,046 ",
CM7752Q-5PC-2NS,47,"2,345 ",
CM7752Q-5PC-CHEST,47,"2,583 ",
CM7752Q-BED,47,861 ,
CM7765-BED,198,428 ,
CM7792C,93,340 ,
CM7792CK-BED,93,408 ,
CM7792D,93,365 ,
CM7792EK-BED,93,408 ,
CM7792EX-C,93,340 ,
CM7792EX-CK-BED,93,408 ,
CM7792EX-D,93,365 ,
CM7792EX-EK-BED,93,408 ,
CM7792EX-F-BED,93,314 ,
CM7792EX-M,93,90 ,
CM7792EX-N,93,127 ,
CM7792EX-Q-4PC,93,904 ,
CM7792EX-Q-5PC-2NS,93,"1,029 ",
CM7792EX-Q-5PC-CHEST,93,"1,244 ",
CM7792EX-Q-BED,93,322 ,
CM7792F-BED,93,314 ,
CM7792M,93,90 ,
CM7792N,93,127 ,
CM7792Q-4PC,93,904 ,
CM7792Q-5PC-2NS,93,"1,029 ",
CM7792Q-5PC-CHEST,93,"1,244 ",
CM7792Q-BED,93,322 ,
CM7793BK-CK-BED,111,236 ,
CM7793BK-EK-BED,111,236 ,
CM7793BK-F-BED,111,182 ,
CM7793BK-Q-BED,111,193 ,
CM7793BK-T-BED,111,170 ,
CM7793WH-CK-BED,111,236 ,
CM7793WH-EK-BED,111,236 ,
CM7793WH-F-BED,111,182 ,
CM7793WH-Q-BED,111,193 ,
CM7793WH-T-BED,111,170 ,
CM7811C,59,560 ,
CM7811CK-BED,59,927 ,
CM7811D,59,623 ,
CM7811EK-BED,59,927 ,
CM7811M,59,176 ,
CM7811N,59,213 ,
CM7811Q-4PC,59,"1,790 ",
CM7811Q-5PC-2NS,59,"2,003 ",
CM7811Q-5PC-CHEST,59,"2,347 ",
CM7811Q-BED,59,775 ,
CM7811TV,59,517 ,
CM7831C,57,795 ,
CM7831CK-BED,57,818 ,
CM7831D,57,861 ,
CM7831EK-BED,57,818 ,
CM7831F-BED,57,732 ,
CM7831M,57,305 ,
CM7831N,57,340 ,
CM7831Q-4PC,57,"2,263 ",
CM7831Q-5PC-2NS,57,"2,608 ",
CM7831Q-5PC-CHEST,57,"3,061 ",
CM7831Q-BED,57,752 ,
CM7844BC,164,238 ,
CM7844F-3PK,164,"1,140 ",
CM7844F-BED,164,666 ,
CM7844T-3PK,164,"1,011 ",
CM7844T-BED,164,537 ,
CM7844WH-BC,164,256 ,
CM7844WH-F-3PC,164,"1,226 ",
CM7844WH-F-BED,164,709 ,
CM7844WH-T-3PC,164,"1,097 ",
CM7844WH-T-BED,164,580 ,
CM7867C,99,299 ,
CM7867CK-BED,99,428 ,
CM7867D,99,361 ,
CM7867EK-BED,99,428 ,
CM7867F-BED,99,279 ,
CM7867M,99,76 ,
CM7867N,99,127 ,
CM7867Q-4PC,99,861 ,
CM7867Q-5PC-2NS,99,988 ,
CM7867Q-5PC-CHEST,99,"1,160 ",
CM7867Q-BED,99,299 ,
CM7868C,101,279 ,
CM7868CK-BED,101,340 ,
CM7868D,101,330 ,
CM7868EK-BED,101,340 ,
CM7868F-BED,101,228 ,
CM7868M,101,72 ,
CM7868N,101,119 ,
CM7868Q-4PC,101,752 ,
CM7868Q-5PC-2NS,101,873 ,
CM7868Q-5PC-CHEST,101,"1,033 ",
CM7868Q-BED,101,236 ,
CM7869C,99,322 ,
CM7869CK-BED,99,385 ,
CM7869D,99,385 ,
CM7869EK-BED,99,385 ,
CM7869F-BED,99,271 ,
CM7869M,99,88 ,
CM7869N,99,150 ,
CM7869Q-4PC,99,904 ,
CM7869Q-5PC-2NS,99,"1,054 ",
CM7869Q-5PC-CHEST,99,"1,226 ",
CM7869Q-BED,99,279 ,
CM7903CH-F-4PC,181,904 ,
CM7903CH-F-BED,181,299 ,
CM7903CH-T-4PC,181,795 ,
CM7903CH-T-BED,181,193 ,
CM7903GY-F-4PC,181,904 ,
CM7903GY-F-BED,181,299 ,
CM7903GY-T-4PC,181,795 ,
CM7903GY-T-BED,181,193 ,
CM7903OAK-F-4PC,181,904 ,
CM7903OAK-F-BED,181,299 ,
CM7903OAK-T-4PC,181,795 ,
CM7903OAK-T-BED,181,193 ,
CM7905CH-C,181,322 ,
CM7905CH-D,173,385 ,
CM7905CH-DK,181,385 ,
CM7905CH-HC,181,150 ,
CM7905CH-M,173,90 ,
CM7905CH-N,173,127 ,
CM7905EXP-C,101,322 ,
CM7905EXP-D,101,385 ,
CM7905EXP-M,101,90 ,
CM7905EXP-N,101,127 ,
CM7905GY-C,180,322 ,
CM7905GY-D,180,385 ,
CM7905GY-M,180,90 ,
CM7905GY-N,180,127 ,
CM7905OAK-C,181,322 ,
CM7905OAK-D,181,385 ,
CM7905OAK-DK,181,385 ,
CM7905OAK-HC,181,150 ,
CM7905OAK-M,181,90 ,
CM7905OAK-N,181,127 ,
CM7905WH-C,101,322 ,
CM7905WH-D,101,385 ,
CM7905WH-DK,180,396 ,
CM7905WH-HC,180,150 ,
CM7905WH-M,101,90 ,
CM7905WH-N,101,127 ,
CM7908CH-F-7905-4PC,183,884 ,
CM7908CH-F-BED,183,279 ,
CM7908CH-T-7905-4PC,183,775 ,
CM7908CH-T-BED,183,170 ,
CM7908WH-F-7905-4PC,183,884 ,
CM7908WH-F-BED,183,279 ,
CM7908WH-T-7905-4PC,183,775 ,
CM7908WH-T-BED,183,170 ,
CM7923EX-CK-BED,101,322 ,
CM7923EX-EK-BED,101,322 ,
CM7923EX-F-BED,101,248 ,
CM7923EX-Q-4PC,101,861 ,
CM7923EX-Q-5PC-2NS,101,988 ,
CM7923EX-Q-5PC-CHEST,101,"1,183 ",
CM7923EX-Q-BED,101,256 ,
CM7923WH-CK-BED,101,340 ,
CM7923WH-EK-BED,101,340 ,
CM7923WH-F-BED,101,271 ,
CM7923WH-Q-4PC,101,884 ,
CM7923WH-Q-5PC-2NS,101,"1,011 ",
CM7923WH-Q-5PC-CHEST,101,"1,203 ",
CM7923WH-Q-BED,101,279 ,
CM7940C,109,340 ,
CM7940D,109,402 ,
CM7940F-4PC,164,"1,054 ",
CM7940F-BED,164,406 ,
CM7940M,109,98 ,
CM7940N,109,150 ,
CM7940T-4PC,164,990 ,
CM7940T-BED,164,340 ,
CM7946-BED,198,463 ,
CM7971C,86,494 ,
CM7971CK-BED,86,775 ,
CM7971D,86,603 ,
CM7971EK-BED,86,775 ,
CM7971M,86,189 ,
CM7971N,86,248 ,
CM7971Q-4PC,86,"1,681 ",
CM7971Q-5PC-2NS,86,"1,929 ",
CM7971Q-5PC-CHEST,86,"2,175 ",
CM7971Q-BED,86,644 ,
CM7972C,86,537 ,
CM7972CK-BED,86,"1,033 ",
CM7972D,86,689 ,
CM7972EK-BED,86,"1,033 ",
CM7972M,86,262 ,
CM7972N,86,299 ,
CM7972Q-4PC,86,"2,112 ",
CM7972Q-5PC-2NS,86,"2,413 ",
CM7972Q-5PC-CHEST,86,"2,649 ",
CM7972Q-BED,86,861 ,
CM7977BK-C,87,494 ,
CM7977BK-CK-BED,87,775 ,
CM7977BK-D,87,580 ,
CM7977BK-EK-BED,87,775 ,
CM7977BK-M,87,199 ,
CM7977BK-N,87,256 ,
CM7977BK-Q-4PC,87,"1,658 ",
CM7977BK-Q-5PC-2NS,87,"1,919 ",
CM7977BK-Q-5PC-CHEST,87,"2,153 ",
CM7977BK-Q-BED,87,623 ,
CM7977SV-C,87,494 ,
CM7977SV-CK-BED,87,775 ,
CM7977SV-D,87,580 ,
CM7977SV-EK-BED,87,775 ,
CM7977SV-M,87,199 ,
CM7977SV-N,87,256 ,
CM7977SV-Q-4PC,87,"1,658 ",
CM7977SV-Q-5PC-2NS,87,"1,919 ",
CM7977SV-Q-5PC-CHEST,87,"2,153 ",
CM7977SV-Q-BED,87,623 ,
CM7979BK-C,85,560 ,
CM7979BK-CK-BED,85,861 ,
CM7979BK-D,85,689 ,
CM7979BK-EK-BED,85,861 ,
CM7979BK-M,85,242 ,
CM7979BK-N,85,279 ,
CM7979BK-Q-4PC,85,"1,939 ",
CM7979BK-Q-5PC-2NS,85,"2,218 ",
CM7979BK-Q-5PC-CHEST,85,"2,499 ",
CM7979BK-Q-BED,85,732 ,
CM7979SV-C,85,560 ,
CM7979SV-CK-BED,85,861 ,
CM7979SV-D,85,689 ,
CM7979SV-EK-BED,85,861 ,
CM7979SV-M,85,242 ,
CM7979SV-N,85,279 ,
CM7979SV-Q-4PC,85,"1,939 ",
CM7979SV-Q-5PC-2NS,85,"2,218 ",
CM7979SV-Q-5PC-CHEST,85,"2,499 ",
CM7979SV-Q-BED,85,732 ,
CM8320BK-SC-2PK,437,172 ,
CM8370BK-SC-2PK,440,246 ,
CM8370GY-SC-2PK,440,258 ,
CM8370WH-SC-2PK,440,254 ,
CM8372BK-T-TABLE,440,426 ,
CM8372GY-T-TABLE,440,426 ,
CM8372WH-T-TABLE,440,426 ,
CM-AC373,974,322 ,
CM-AC521,975,213 ,
CM-AC6044-PK,975,517 ,
CM-AC6045-2,974,139 ,
CM-AC6045-2H,974,119 ,
CM-AC6045-3,974,182 ,
CM-AC6045-3H,974,139 ,
CM-AC6045-4,974,236 ,
CM-AC6045-4H,974,193 ,
CM-AC6045-5,974,256 ,
CM-AC6045-5H,974,213 ,
CM-AC6045-6,974,299 ,
CM-AC6045-6H,974,256 ,
CM-AC6045CNR,974,279 ,
CM-AC6278-L,898,299 ,
CM-AC6278-S,898,248 ,
CM-AC6913,267,94 ,
CM-AC914,975,474 ,
CM-BK618-BED,234,732 ,
CM-BK618EX-BED,234,732 ,
CM-BK618GY-BED,234,732 ,
CM-BK618T-A-BED,234,603 ,
CM-BK618T-EX-BED,234,603 ,
CM-BK618T-GY-BED,234,603 ,
CM-BK626-BED,223,861 ,
CM-BK628-BED,222,689 ,
CM-BK628F-BED,222,838 ,
CM-BK628GY-F-BED,222,861 ,
CM-BK628GY-T-BED,222,709 ,
CM-BK904-BED,223,775 ,
CM-BK912-BED,203,644 ,
CM-BK912F-BED,203,838 ,
CM-BK918-BED,203,795 ,
CM-BK931BK-FF,213,279 ,
CM-BK931BK-TF,213,246 ,
CM-BK931BL-TF,213,246 ,
CM-BK931RD-TF,213,246 ,
CM-BK931SV-FF,213,279 ,
CM-BK931SV-TF,213,246 ,
CM-BK931WH-FF,213,279 ,
CM-BK931WH-TF,213,246 ,
CM-BK935-BED,158,709 ,
CM-CR139L,516,537 ,
CM-DK6276,267,236 ,
CM-DK6913,267,236 ,
CM-DR452-CH,181,205 ,
CM-DR452-OAK,181,205 ,
CM-TR452-BK,98,174 ,
CM-TR452-CH,181,174 ,
CM-TR452-EXP,223,174 ,
CM-TR452-GY,180,174 ,
CM-TR452-OAK,181,174 ,
CM-TR452-WH,98,174 ,
CM-TR453-A,181,205 ,
CM-TR453-EX,223,205 ,
CM-TR453-GY,266,205 ,
SM2011-2PC,557,"1,851 ",
SM2011-LV,557,843 ,
SM2011-SF,557,"1,013 ",
SM2012-2PC,562,"1,921 ",
SM2012-LV,562,863 ,
SM2012-SF,562,"1,056 ",
SM2013-2PC,556,"1,851 ",
SM2013-LV,556,843 ,
SM2013-SF,556,"1,013 ",
SM2201-2PC,591,"2,220 ",
SM2201-CH,591,773 ,
SM2201-LV,591,992 ,
SM2201-SF,591,"1,228 ",
SM2202-2PC,591,"2,220 ",
SM2202-CH,591,773 ,
SM2202-LV,591,992 ,
SM2202-SF,591,"1,228 ",
SM2203-2PC,590,"2,220 ",
SM2203-3PC,590,"3,018 ",
SM2203-CH,590,795 ,
SM2203-LV,590,992 ,
SM2203-SF,590,"1,228 ",
SM2206-2PC,590,"2,220 ",
SM2206-CH,590,773 ,
SM2206-LV,590,992 ,
SM2206-SF,590,"1,228 ",
SM2216-2PC,549,"2,286 ",
SM2216-LV,549,"1,035 ",
SM2216-SF,549,"1,248 ",
SM2217-2PC,548,"2,286 ",
SM2217-LV,548,"1,035 ",
SM2217-SF,548,"1,248 ",
SM2218-2PC,549,"2,286 ",
SM2218-LV,549,"1,035 ",
SM2218-SF,549,"1,248 ",
SM2221-2PC,575,"2,435 ",
SM2221-CH,575,861 ,
SM2221-LV,575,"1,101 ",
SM2221-SF,575,"1,337 ",
SM2222-2PC,574,"2,435 ",
SM2222-CE,574,"1,162 ",
SM2222-CH,574,861 ,
SM2222-LV,574,"1,101 ",
SM2222-SF,574,"1,337 ",
SM2223-2PC,574,"2,435 ",
SM2223-CE,574,"1,162 ",
SM2223-LV,574,"1,101 ",
SM2223-SF,574,"1,337 ",
SM2224-2PC,575,"2,435 ",
SM2224-LV,575,"1,101 ",
SM2224-SF,575,"1,337 ",
SM2225-2PC,575,"2,435 ",
SM2225-LV,575,"1,101 ",
SM2225-SF,575,"1,337 ",
SM2231-2PC,576,"2,157 ",
SM2231-LV,576,972 ,
SM2231-SF,576,"1,185 ",
SM2232-2PC,576,"2,157 ",
SM2232-LV,576,972 ,
SM2232-SF,576,"1,185 ",
SM2234-2PC,573,"2,157 ",
SM2234-LV,573,972 ,
SM2234-SF,573,"1,185 ",
SM2251-2PC,621,"1,894 ",
SM2251-LV,621,861 ,
SM2251-SF,621,"1,033 ",
SM2252-2PC,552,"2,005 ",
SM2252-LV,552,929 ,
SM2252-SF,552,"1,076 ",
SM2261-PK,577,"2,802 ",
SM2263-SECTIONAL,553,"2,372 ",
SM2264-SECT,607,"2,372 ",
SM2271-2PC,554,"2,091 ",
SM2271-LV,554,929 ,
SM2271-SF,554,"1,162 ",
SM2280-2PC,580,"3,448 ",
SM2280-LV,580,"1,552 ",
SM2280-SF,580,"1,896 ",
SM2282-2PC,580,"3,448 ",
SM2282-LV,580,"1,552 ",
SM2282-SF,580,"1,896 ",
SM2288-2PC,577,"2,673 ",
SM2288-LV,577,"1,207 ",
SM2288-SF,577,"1,466 ",
SM2291-2PC,572,"2,587 ",
SM2291-LV,572,"1,187 ",
SM2291-SF,572,"1,400 ",
SM2292-2PC,572,"2,587 ",
SM2292-LV,572,"1,187 ",
SM2292-SF,572,"1,400 ",
SM2295-2PC,573,"3,020 ",
SM2295-LV,573,"1,382 ",
SM2295-SF,573,"1,638 ",
SM2661-2PC,588,"1,810 ",
SM2661-LV,588,820 ,
SM2661-SF,588,990 ,
SM2662-2PC,588,"1,810 ",
SM2662-LV,588,820 ,
SM2662-SF,588,990 ,
SM2663-2PC,589,"1,810 ",
SM2663-LV,589,820 ,
SM2663-SF,589,990 ,
SM2664-2PC,589,"1,810 ",
SM2664-LV,589,820 ,
SM2664-SF,589,990 ,
SM2671-SECT,583,"2,046 ",
SM2672-2PC,555,"2,157 ",
SM2672-LV,555,"1,037 ",
SM2672-SF,555,"1,119 ",
SM2673-2PC,555,"2,157 ",
SM2673-LV,555,"1,037 ",
SM2673-SF,555,"1,119 ",
SM2674-2PC,583,"2,046 ",
SM2674-LV,583,990 ,
SM2674-SF,583,"1,056 ",
SM2675-2PC,582,"2,112 ",
SM2675-LV,582,949 ,
SM2675-SF,582,"1,162 ",
SM2677-SECT,586,"2,501 ",
